姓,修饰字段,名
string,string,string
xing,adorn,ming
三井,ぁ,优那
宫城,あ,优奈
赤木,ぃ,葵
野边,い,阳菜
高砂,ぅ,凛
木暮,う,爱
水户,ぇ,美咲
安西,え,遥
仙道,ぉ,枫
鱼柱,お,结衣
永野,か,美优
御子,が,七海
泽北,き,未来
池上,ぎ,真央
大雄,く,美月
漩涡,ぐ,花音
伊藤,け,彩花
樱木,げ,美羽
佐藤,こ,阳子
铃木,ご,优
高桥,さ,结菜
田中,ざ,智子
渡边,し,彩
伊藤,じ,爱美
山本,す,彩乃
中村,ず,裕子
小林,せ,莉子
斋藤,ぜ,优衣
加藤,そ,优菜
吉田,ぞ,千寻
山田,た,萌
佐佐木,だ,绫乃
山口,ち,桜
松本,ぢ,舞
井上,っ,优花
木村,つ,瑠奈
林,づ,恵
清水,て,杏
山崎,で,美穂
中岛,と,琴音
池田,ど,明日香
阿部,な,玲奈
桥本,に,结
山下,ぬ,彩音
森,ね,茜
石川,の,杏奈
前田,は,芽衣
小川,ば,彩香
藤田,ぱ,碧
冈田,ひ,香织
後藤,び,美桜
长谷川,ぴ,爱子
石井,ふ,久美子
村上,ぶ,和奏
近藤,ぷ,心
坂本,ほ,花
远藤,ぼ,遥香
青木,ぽ,优子
藤井,ま,美绪
西村,み,日和
福田,む,栞
太田,め,绫香
三浦,も,菜月
藤原,ゃ,桃花
冈本,や,真由美
松田,ゅ,优香
中川,ゆ,幸子
中野,ょ,蓝
原田,よ,瑞希
小野,ら,恵美
田村,り,里奈
竹内,る,美香
金子,れ,唯
和田,ろ,爱莉
中山,ゎ,绫
石田,わ,亜美
上田,ゐ,华
森田,ゑ,彩华
小岛,を,诗织
柴田,ん,心优
原,゛,恵子
宫崎,ゝ,直子
酒井,ゞ,美纪
工藤,ァ,由美子
藤峰,ア,春菜
横山,ィ,若菜
宫本,イ,麻衣
内田,ゥ,纯子
高木,ウ,怜奈
安藤,ェ,莉绪
岛田,エ,悠
谷口,ォ,理子
大野,オ,咲希
高田,カ,桃子
丸山,ガ,理穂
今井,キ,小春
河野,ギ,桃香
藤本,ク,结爱
村田,グ,莉央
武田,ケ,瑠菜
上野,ゲ,桜子
杉山,コ,美和
增田,ゴ,绫子
小山,サ,叶月
大冢,ザ,晴香
平野,シ,恭子
菅原,ジ,明子
久保,ス,理恵
松井,ズ,梨乃
千叶,セ,薫
岩崎,ゼ,日菜
樱井,ソ,加奈
木下,ゾ,春香
野口,タ,优希
松尾,ダ,瞳
菊地,チ,绫音
野村,ヂ,真优
新井,ッ,美空
渡部,ツ,优月
佐野,ヅ,千夏
杉本,テ,彩夏
大西,デ,奈央
古川,ト,梓
浜田,ド,阳奈
市川,ナ,百花
小松,ニ,奈绪
高野,ヌ,爱梨
水野,ネ,莉那
吉川,ノ,芽依
山内,ハ,直美
西田,バ,美结
西川,パ,沙织
菊池,ヒ,澪
北村,ビ,纪子
五十岚,ピ,真帆
福岛,フ,洋子
安田,ブ,遥
中田,プ,结奈
平田,ヘ,真奈
川口,ベ,翔太
川崎,ペ,翔
饭田,ホ,莲
东,ボ,陆
本田,ポ,奏太
泽田,マ,翼
久保田,ミ,飒太
吉村,ム,大翔
中西,メ,大辉
岩田,モ,悠斗
服部,ャ,阳斗
辻,ヤ,大和
关,ュ,健太
富田,ユ,拓海
川上,ョ,树
樋口,ヨ,谅
永井,ラ,隼人
松冈,リ,响
山中,ル,大地
田口,レ,悠太
森本,ロ,优
矢野,ヮ,大辅
秋山,ワ,悠
大岛,ヰ,骏
小泽,ヱ,大树
广濑,ヲ,阳
土屋,ン,优斗
石原,ヴ,海斗
松下,ヵ,亮太
马场,ヶ,诚
大桥,ー,匠
松浦,ヽ,仁
吉冈,ヾ,太一
荒木,,一郎
小池,,飒
大久保,,亮
浅野,,悠人
熊谷,,空
野田,,航
川村,,阳太
田边,,健
星野,,凉太
大谷,,直树
黑田,,太郎
尾崎,,谅太
永田,,光
松村,,辉
望月,,悠真
内藤,,一辉
菅野,,太阳
西山,,刚
堀,,雄大
岩本,,达也
平井,,龙之介
片山,,拓真
川岛,,优汰
本间,,葵
冈崎,,润
横田,,健太郎
早川,,优希
荒井,,聡
镰田,,凉
小田,,启太
成田,,隼
宫田,,拓哉
大石,,苍
石桥,,辽
筱原,,陆斗
高山,,悠生
须藤,,凌
萩原,,一树
大泽,,聡太
小西,,俊介
栗原,,枫
松原,,瑛太
伊东,,智也
三宅,,大驾
大森,,巧
福井,,勇人
南,,和也
奥村,,优辉
松永,,阳仁
片冈,,奏
桑原,,拓也
内山,,直人
关口,,淳
古贺,,阳向
奥田,,优真
冈,,渉
北川,,凛
八木,,虎太郎
上原,,大
吉野,,和真
白石,,晃
今村,,悠希
中泽,,琢磨
田岛,,凛太郎
涩谷,,歩
小泉,,大智
上村,,碧
中尾,,干太
平山,,优人
青山,,慧
牧野,,庆太
冈村,,日向
寺田,,海
坂口,,雄太
儿玉,,哲也
大山,,大贵
河合,,伊织
多田,,真
竹田,,棹
宫下,,俊辅
小仓,,司
小野寺,,阳大
小笠原,,伊吹
足立,,悠翔
村山,,彻
天野,,大介
坂井,,涟
杉浦,,飒汰
西,,一真
坂田,,拓実
小原,,一
丰田,,心
角田,,学
武藤,,柊
河村,,新
根本,,优太
关根,,和辉
水谷,,豊
中井,,龙
森下,,翔大
神田,,裕太
冢本,,苍空
佐久间,,怜
植田,,圣
饭冢,,飒人
安部,,航太
前川,,拓
山根,,朝阳
浅井,,琉生
白井,,光辉
宫川,,阳生
冈部,,庆
大川,,勇太
长田,,圭吾
堀内,,健一
松崎,,晴
饭岛,,和树
檟本,,
稻垣,,
若林,,
森山,,
金泽,,
江口,,
神谷,,
中谷,,
畠山,,
谷,,
细川,,
及川,,
安达,,
今野,,
三上,,
西尾,,
田代,,
石冢,,
岸本,,
津田,,
荒川,,
中原,,
长尾,,
户田,,
本多,,
高岛,,
森川,,
泷泽,,
土井,,
三好,,
金井,,
松山,,
米田,,
冈野,,
稻叶,,
村松,,
甲斐,,
西冈,,
佐伯,,
岩井,,
星,,
金田,,
黑木,,
野崎,,
藤泽,,
堤,,
落合,,
泉,,
堀田,,
广田,,
西野,,
町田,,
吉泽,,
古田,,
宫泽,,
德永,,
新田,,
长岛,,
山岸,,
富永,,
柳泽,,
黑川,,
山川,,
川田,,
松岛,,
杉田,,
奥山,,
土田,,
三木,,
村井,,
黑泽,,
笠原,,
须田,,
梅田,,
大竹,,
野中,,
堀江,,
川端,,
大村,,
日高,,
梶原,,
岸,,
西本,,
井口,,
大木,,
长泽,,
向井,,
大场,,
竹中,,
藤川,,
安井,,
榊原,,
川原,,
吉本,,
大内,,
深泽,,
竹下,,
西泽,,
吉原,,
藤冈,,
庄司,,
福本,,
冢田,,
宫内,,
小谷,,
绪方,,
谷川,,
下田,,
竹本,,
相泽,,
藤村,,
奥野,,
宇野,,
洼田,,
北野,,
栗田,,
石黑,,
野泽,,
龟井,,
平川,,
长野,,
宫原,,
山村,,
藤野,,
茂木,,
岛崎,,
川本,,
下村,,
丹羽,,
青柳,,
竹村,,
古谷,,
三轮,,
出口,,
高井,,
荻野,,
大城,,
田原,,
高濑,,
小森,,
稻田,,
宫城,,
筒井,,
福冈,,
矢岛,,
大原,,
福永,,
林田,,
横井,,
大平,,
金城,,
筱崎,,
长冈,,
沟口,,
平松,,
山冈,,
浅田,,
越智,,
北原,,
永野,,
武井,,
